locus_tag,gene,mRNA_level
BSU00010,dnaA,2.61
BSU00020,dnaN,5.1
BSU00030,yaaA,2.24
BSU00040,recF,8.12
BSU00050,yaaB,7.29
BSU00060,gyrB,10.42
BSU00070,gyrA,9.18
BSU00090,guaB,16.2
BSU00100,dacA,4.3
BSU00110,yaaD,11.94
BSU00120,yaaE,20.23
BSU00130,serS,22.29
BSU00140,dck,5.27
BSU00150,dgk,3.41
BSU00180,tadA,0.41
BSU00190,dnaX,1.75
BSU00200,yaaK,5.44
BSU00210,recR,2.81
BSU00220,yaaL,4.2
BSU00230,bofA,0.76
BSU00250,xpaC,4.21
BSU00260,yaaN,5.26
BSU00270,yaaO,2.81
BSU00280,tmk,3.67
BSU00290,yaaQ,8.23
BSU00300,yaaR,7.37
BSU00310,holB,6.82
BSU00320,yaaT,10.51
BSU00330,yabA,13.51
BSU00340,yabB,1.69
BSU00350,yazA,1.84
BSU00360,yabC,2.01
BSU00370,abrB,51.41
BSU00380,metS,5.78
BSU00390,yabD,1.66
BSU00400,yabE,2.06
BSU00420,ksgA,1.33
BSU00440,veg,169.77
BSU00450,sspF,2.41
BSU00460,ipk,1.14
BSU00470,purR,7.31
BSU00480,yabJ,15.43
BSU00490,spoVG,78.28
BSU00500,glmU,4.18
BSU00510,prs,12.64
BSU00520,ctc,126.84
BSU00530,pth,8.7
BSU00540,yabK,9.45
BSU00550,mfd,4.44
BSU00560,spoVT,6.65
BSU00570,yabM,0.57
BSU00580,yabN,2.63
BSU00590,yabO,5.77
BSU00600,yabP,8.29
BSU00610,yabQ,6.33
BSU00620,divIC,12.91
BSU00630,yabR,14.52
BSU00650,yabS,0.52
BSU00670,tilS,3.17
BSU00680,hprT,7.27
BSU00690,ftsH,42.17
BSU00700,coaX,2.75
BSU00710,hslO,8.08
BSU00720,yacD,1.56
BSU00730,cysK,10.59
BSU00740,pabB,1.48
BSU00750,pabA,4.45
BSU00760,pabC,2.51
BSU00770,sul,4.07
BSU00780,folB,5.71
BSU00790,folK,5.7
BSU00800,yazB,7.19
BSU00810,dusB,6.66
BSU00820,lysS,9.96
BSU00830,ctsR,8.58
BSU00840,mcsA,10.56
BSU00850,mcsB,13.58
BSU00860,clpC,34.22
BSU00870,radA,3.63
BSU00880,yacK,3.97
BSU00890,yacL,6.48
BSU00900,ispD,7.83
BSU00910,ispF,2.39
BSU00920,gltX,12.96
BSU00930,cysE,2.21
BSU00940,cysS,4.42
BSU00950,mrnC,5.15
BSU00960,rlmB,4.98
BSU00970,yacP,4.71
BSU00980,sigH,6.54
BSU00990,rpmG,20.4
BSU01000,secE,20.15
BSU01010,nusG,2.62
BSU01020,rplK,219.37
BSU01030,rplA,104.26
BSU01040,rplJ,384.16
BSU01050,rplL,539.33
BSU01060,ybxB,4.16
BSU01070,rpoB,29.11
BSU01080,rpoC,62.8
BSU01090,ybxF,108.35
BSU01100,rpsL,125.2
BSU01110,rpsG,159.22
BSU01120,fusA,224.29
BSU01130,tufA,675.14
BSU01140,ybaC,0.57
BSU01150,rpsJ,138.59
BSU01160,rplC,144.86
BSU01170,rplD,194.93
BSU01180,rplW,258.54
BSU01190,rplB,271.19
BSU01200,rpsS,287.69
BSU01210,rplV,267.56
BSU01220,rpsC,243.14
BSU01230,rplP,261.82
BSU01240,rpmC,350.42
BSU01250,rpsQ,356.79
BSU01260,rplN,320.33
BSU01270,rplX,322.5
BSU01280,rplE,288
BSU01290,rpsN,339.16
BSU01300,rpsH,286.03
BSU01310,rplF,261.44
BSU01320,rplR,283.48
BSU01330,rpsE,262.01
BSU01340,rpmD,361.58
BSU01350,rplO,343.17
BSU01360,secY,252.47
BSU01370,adk,228.95
BSU01380,mapA,201
BSU01389,ybzG,258.85
BSU01390,infA,261.3
BSU01400,rpmJ,390.06
BSU01410,rpsM,224.78
BSU01420,rpsK,253.65
BSU01430,rpoA,225.67
BSU01440,rplQ,231.02
BSU01450,cbiO,10.26
BSU01460,cbiO,10.69
BSU01470,ybaF,9.39
BSU01480,truA,11.99
BSU01490,rplM,67.24
BSU01500,rpsI,88.71
BSU01510,ybaJ,2.95
BSU01540,salA,44.45
BSU01550,gerD,1.92
BSU01560,kbaA,1.33
BSU01570,ybaN,0.92
BSU01580,ybaR,1.02
BSU01590,ybaS,1.38
BSU01600,ybbA,3.64
BSU01610,feuC,5.63
BSU01620,feuB,8.13
BSU01630,feuA,17.88
BSU01640,ybbB,1.51
BSU01700,murQ,1.07
BSU01730,sigW,35.17
BSU01740,rsiW,35.97
BSU01750,ybbP,2.72
BSU01760,ybbR,3.93
BSU01770,glmM,9.66
BSU01780,glmS,22.19
BSU01910,skfA,2.65
BSU02019,ybzI,7.83
BSU02060,ybxG,1.7
BSU02100,cypC,0.95
BSU02110,ybyB,16.62
BSU02120,ybeC,11.38
BSU02130,glpQ,30.7
BSU02140,glpT,20.51
BSU02180,ybfE,1.39
BSU02190,ybfF,1.43
BSU02200,ybfG,2.45
BSU02230,purT,3.48
BSU02260,ybfK,1.41
BSU02270,pssA,5.6
BSU02280,ybfM,6.59
BSU02290,psd,6.25
BSU02300,ybfN,1.3
BSU02310,ybfO,1.57
BSU02330,ybfQ,7.32
BSU02350,nagP,4.48
BSU02360,nagBB,5.9
BSU02380,ybgB,1.22
BSU02500,ycbG,0.97
BSU02520,ycbJ,1.47
BSU02530,rtpA,0.69
BSU02590,ycbP,2.29
BSU02670,lmrB,0.48
BSU02720,yccF,2.58
BSU02770,yccK,1.24
BSU02820,rapJ,1.31
BSU02830,ycdF,0.76
BSU02840,ycdG,1.06
BSU02850,adcA,0.32
BSU02890,yceC,48.41
BSU02900,yceD,47.63
BSU02910,yceE,49.89
BSU02920,yceF,53.25
BSU02930,yceG,8.27
BSU02940,yceH,8.56
BSU02950,yceI,1.01
BSU02980,opuAA,1.7
BSU02990,opuAB,3.58
BSU03000,opuAC,5.49
BSU03040,amyE,2.16
BSU03050,ldh,458.71
BSU03060,lctP,243.59
BSU03070,mdr,1.13
BSU03130,nadE,21.95
BSU03150,aroK,1.84
BSU03220,ycgO,1.35
BSU03240,ycgQ,2.33
BSU03270,ycgT,3.36
BSU03280,nasF,5.27
BSU03290,nasE,3.33
BSU03300,nasD,1.28
BSU03370,yckA,3.97
BSU03380,yckB,2.41
BSU03420,nin,5.97
BSU03430,nucA,4.88
BSU03450,hxlB,1.24
BSU03460,hxlA,1.24
BSU03480,srfAA,24.15
BSU03490,srfAB,35.01
BSU03500,comS,56.24
BSU03510,srfAC,32.05
BSU03520,srfAD,38.01
BSU03580,yczE,0.86
BSU03590,tcyC,5.94
BSU03600,tcyB,5.56
BSU03610,tcyA,12.76
BSU03670,dtpT,3.28
BSU03760,yclK,1.33
BSU03770,rapC,3.99
BSU03780,phrC,22.37
BSU03789,yczN,38.52
BSU03800,yclN,8.79
BSU03810,yclO,11.45
BSU03820,yclP,16.04
BSU03830,yclQ,24.9
BSU03840,ycnB,0.94
BSU03850,ycnC,0.52
BSU03860,ycnD,4.44
BSU03870,ycnE,4.5
BSU03880,yczG,2.14
BSU03910,gabD,4.57
BSU03940,ycnI,2.77
BSU03950,ycnJ,1.48
BSU03960,ycnK,1
BSU03970,ycnL,1.23
BSU03981,mtlA,16.34
BSU03982,mtlF,20.95
BSU03990,mtlD,17.9
BSU04000,ycsA,7.77
BSU04010,sipU,3.27
BSU04020,yczH,2.61
BSU04030,ycsD,2.8
BSU04039,yczO,1.39
BSU04040,ycsE,3.05
BSU04050,ycsF,1.07
BSU04060,ycsG,0.88
BSU04070,ycsI,1.1
BSU04080,kipI,1.15
BSU04090,kipA,1.02
BSU04100,kipR,1.14
BSU04110,lipC,0.46
BSU04120,yczI,3.9
BSU04130,yczJ,1.54
BSU04140,pbpC,6.3
BSU04150,ycsN,11.42
BSU04160,mtlR,2.83
BSU04190,ydaD,0.66
BSU04200,ydaE,1.06
BSU04220,ydaG,12.91
BSU04240,ydzA,4.5
BSU04260,topB,2.98
BSU04270,ydaJ,0.43
BSU04320,ydaO,1.55
BSU04340,ydaP,1.79
BSU04359,ydzK,7.07
BSU04360,mntH,27.83
BSU04370,ydaS,4.43
BSU04400,gsiB,5.31
BSU04430,ydbD,1.34
BSU04440,dctB,0.98
BSU04470,dctP,5.73
BSU04480,ydbI,3.06
BSU04490,ydbJ,2.44
BSU04500,ydbK,3.68
BSU04510,ydbL,14.39
BSU04520,ydbM,1.94
BSU04530,ydbN,23.88
BSU04540,ydbO,5.51
BSU04550,ydbP,50.03
BSU04560,ddl,11.5
BSU04570,murF,4.39
BSU04580,cshA,17.71
BSU04590,ydbS,16.61
BSU04600,ydbT,13.61
BSU04610,ydcA,1.61
BSU04620,acpS,1.86
BSU04630,ydcC,1.46
BSU04640,alrA,4.09
BSU04650,endB,29.97
BSU04660,ndoA,32.61
BSU04670,rsbRA,3.37
BSU04680,rsbS,5.24
BSU04690,rsbT,5.24
BSU04700,rsbU,6.31
BSU04710,rsbV,34.31
BSU04720,rsbW,42.94
BSU04730,sigB,35.74
BSU04740,rsbX,25.62
BSU04780,ydcI,2.44
BSU04790,ydcK,0.54
BSU05000,yddK,5.25
BSU05020,phrI,1.55
BSU05070,yddQ,1
BSU05099,ydzM,1.03
BSU05120,cspC,117.01
BSU05130,ydeB,0.81
BSU05260,ydeN,1.14
BSU05270,ydzF,1.24
BSU05280,ydeO,2.19
BSU05320,ydeS,1.1
BSU05329,ydzO,1.57
BSU05340,ydfA,0.75
BSU05400,ydfG,7.4
BSU05440,nap,2.27
BSU05529,ydzR,1.4
BSU05580,ydgC,3.1
BSU05590,ydgD,2.8
BSU05600,ydgE,1.27
BSU05620,ydgF,2.75
BSU05630,dinB,1.25
BSU05660,ydgI,1.8
BSU05670,ydgJ,1.4
BSU05680,ydgK,0.89
BSU05700,ydhC,1.52
BSU05720,ydhE,2.06
BSU05750,ydhG,3.41
BSU05790,ydhK,2.33
BSU05800,pbuE,3.78
BSU05810,gmuB,2.51
BSU05820,gmuA,3.54
BSU05830,gmuC,2.41
BSU05840,gmuD,2.51
BSU05850,gmuR,3.21
BSU05860,gmuE,2.8
BSU05870,gmuF,2.83
BSU05880,gmuG,3.6
BSU05900,thiL,0.92
BSU05910,ydiB,1.37
BSU05920,ydiC,1.72
BSU05930,rimI,2.32
BSU05940,gcp,2.49
BSU05950,ydiF,2
BSU05960,moaC,2.49
BSU05970,ydiH,4.72
BSU05980,tatAY,15.64
BSU05990,tatCY,9.88
BSU06000,ydiK,4.17
BSU06010,ydiL,3.52
BSU06020,groES,300.72
BSU06030,groEL,267.5
BSU06040,ydiM,1.09
BSU06060,ydiO,2.46
BSU06070,ydiP,6.41
BSU06090,ydiR,3.76
BSU06100,ydiS,6.36
BSU06110,ydjA,6.36
BSU06170,ydjE,5.57
BSU06180,pspA,5.85
BSU06190,ydjG,5.74
BSU06200,ydjH,5.32
BSU06210,ydjI,6.68
BSU06240,bdhA,43.68
BSU06250,ydjM,1.12
BSU06270,ydjO,13.32
BSU06280,ydjP,7.62
BSU06290,yeaA,7.39
BSU06340,yeaD,0.98
BSU06350,yebA,1.49
BSU06360,guaA,9.93
BSU06370,pbuG,2.6
BSU06380,yebC,1.43
BSU06390,yebD,1.12
BSU06400,yebE,1.46
BSU06410,yebG,2.62
BSU06420,purE,1.26
BSU06430,purK,1.64
BSU06440,purB,3.31
BSU06450,purC,1.79
BSU06460,purS,2.34
BSU06470,purQ,1.72
BSU06480,purL,1.33
BSU06490,purF,1.56
BSU06510,purN,1.1
BSU06560,yerA,2.9
BSU06570,yerB,10.1
BSU06580,yerC,13.73
BSU06590,yerD,0.69
BSU06610,pcrA,2.01
BSU06620,ligA,4.05
BSU06630,yerH,7.7
BSU06640,yerI,3.16
BSU06660,opuE,1.86
BSU06670,gatC,9.19
BSU06680,gatA,15.1
BSU06690,gatB,29.98
BSU06710,swrC,5.55
BSU06720,yerQ,3.84
BSU06730,yefA,1.29
BSU06770,yeeB,1.42
BSU06780,yeeC,1.35
BSU06790,yeeD,0.93
BSU06800,yezA,1.26
BSU06811,yezG,1.49
BSU06840,yeeI,7.8
BSU06860,yezE,2.92
BSU06920,yesJ,2.93
BSU06930,yesK,0.25
BSU07150,yetG,25.79
BSU07160,yetH,2.4
BSU07200,yetJ,8.64
BSU07210,yetK,1.08
BSU07260,ltaSA,11.98
BSU07320,yfnC,1.44
BSU07350,yfmT,4.21
BSU07360,yfmS,4.92
BSU07370,yfmR,2.47
BSU07380,yfmQ,21.76
BSU07390,yfmP,0.71
BSU07420,yfmM,1.31
BSU07430,yfmL,0.9
BSU07450,yfmJ,5.27
BSU07490,yfmF,4.79
BSU07500,yfmE,1.91
BSU07510,yfmD,1.12
BSU07520,yfmC,18.84
BSU07550,yflT,5.42
BSU07560,pel,13.61
BSU07640,yflL,0.95
BSU07650,yflK,1.07
BSU07660,yflJ,2.56
BSU07670,yflI,3.15
BSU07680,yflH,7.28
BSU07690,yflG,5.08
BSU07700,nagP,5.29
BSU07710,yflE,9.36
BSU07750,yflA,0.61
BSU07760,yfkT,0.57
BSU07770,yfkS,0.35
BSU07800,treP,23.61
BSU07810,treA,20.13
BSU07820,treR,33.93
BSU07830,yfkO,10.43
BSU07850,yfkM,7.36
BSU07870,yfkK,1.29
BSU07880,yfkJ,3.22
BSU07890,yfkI,4.85
BSU07900,yfkH,3.79
BSU07920,yfkE,1.56
BSU07930,yfkD,1.66
BSU07940,yfkC,3.48
BSU07955,yfkA,1.38
BSU08000,yfjQ,1.07
BSU08020,yfjO,1.94
BSU08030,dusC,0.71
BSU08120,yfjF,0.96
BSU08180,malA,1.15
BSU08220,yfiC,2.41
BSU08340,padR,1.03
BSU08350,estB,1.33
BSU08390,yfiT,2.72
BSU08425,mprF,2.11
BSU08440,yfiY,17.12
BSU08450,yfiZ,3.18
BSU08460,yfhA,4.95
BSU08470,yfhB,1.21
BSU08480,yfhC,27.2
BSU08490,yfhD,1.55
BSU08500,yfhE,1.36
BSU08510,yfhF,0.84
BSU08520,recX,1.22
BSU08530,yfhH,2.14
BSU08560,yfhJ,2.08
BSU08570,yfhK,4
BSU08580,yfhL,8.55
BSU08590,yfhM,4.34
BSU08600,csbB,10.81
BSU08610,yfhO,4.72
BSU08620,yfhP,1.24
BSU08630,yfhQ,2.29
BSU08640,yfhS,5.95
BSU08650,fabL,6.15
BSU08660,sspE,12.27
BSU08680,ygaC,3.68
BSU08690,ygaD,1.6
BSU08700,ygaE,1.12
BSU08710,gsaB,5.15
BSU08720,ygaF,1.46
BSU08730,perR,22.23
BSU08740,ygzB,2.67
BSU08750,ygxA,3.61
BSU08760,spo0M,37.75
BSU08820,katA,4.88
BSU08890,ygaO,0.95
BSU08899,ygzD,1.11
BSU08900,yhzB,0.87
BSU08930,cspR,5.7
BSU08990,yhbI,0.73
BSU09000,yhbJ,0.93
BSU09010,yhcA,1.4
BSU09020,yhcB,2.63
BSU09030,yhcC,2.83
BSU09080,yhcH,1.15
BSU09090,yhcI,2.19
BSU09100,cspB,1037.55
BSU09110,yhcJ,2.12
BSU09120,yhcK,0.83
BSU09230,yhcV,1
BSU09240,yhcW,2.05
BSU09250,yhcX,4.61
BSU09260,yhxA,1.24
BSU09270,glpP,2.44
BSU09280,glpF,1.74
BSU09290,glpK,5.65
BSU09300,glpD,3.59
BSU09310,pgcA,16.64
BSU09370,lytF,3.42
BSU09380,nsrR,1.48
BSU09420,lytE,3.12
BSU09450,yhdF,1.15
BSU09470,yhdH,1.46
BSU09500,yhdK,5.4
BSU09510,yhdL,2.98
BSU09520,sigM,1.77
BSU09530,yhdN,4.99
BSU09540,plsC,7.49
BSU09550,yhdP,3.11
BSU09560,cueR,2.01
BSU09570,yhdR,1.05
BSU09590,yhdT,1.64
BSU09640,yhdY,1.05
BSU09650,yhdZ,1.06
BSU09660,yheN,2.66
BSU09670,dat,1.98
BSU09680,nhaC,0.5
BSU09690,nhaX,5.2
BSU09730,yheG,2.06
BSU09750,sspB,2.67
BSU09790,yheB,2.18
BSU09800,yheA,34.73
BSU09850,yhaU,0.53
BSU09860,khtT,0.45
BSU09870,khtS,1.53
BSU09880,yhaR,1.58
BSU09890,natA,1.32
BSU09900,natB,2.1
BSU09910,yhaO,0.74
BSU09920,yhaN,1.54
BSU09930,yhaM,5.23
BSU09950,prsA,14.51
BSU09958,yhzE,6.86
BSU09980,yhaI,5.38
BSU09990,hpr,5.35
BSU10000,yhaH,2.7
BSU10010,trpP,12.81
BSU10020,serC,4.94
BSU10030,hinT,19.55
BSU10050,ecsB,2.64
BSU10060,ecsC,4.81
BSU10100,yhgC,12.31
BSU10120,hemE,5.13
BSU10130,hemH,12.51
BSU10140,hemY,9.81
BSU10150,yhgD,1.02
BSU10160,yhgE,1.15
BSU10170,fabHB,1.94
BSU10200,yhfE,5.46
BSU10210,yhfF,7.24
BSU10220,gltT,11.59
BSU10240,yhfI,5.48
BSU10250,yhfJ,8.74
BSU10260,yhfK,14.86
BSU10310,yhfO,1.08
BSU10320,yhfP,5.12
BSU10330,yhfQ,8.6
BSU10340,phoE,1.46
BSU10380,hemAT,1.33
BSU10410,yhzC,1.59
BSU10440,yhjA,36.75
BSU10480,yhjE,1.66
BSU10490,sipV,2.11
BSU10620,addB,1.54
BSU10630,addA,3.22
BSU10640,sbcD,1.97
BSU10650,sbcC,2.51
BSU10660,yisB,4.01
BSU10730,yisI,0.4
BSU10750,yisK,3.62
BSU10760,yisL,8.48
BSU10770,wprA,18.85
BSU10860,yisT,2.59
BSU10990,yitH,1.55
BSU11020,yitK,1.49
BSU11030,yitL,1.29
BSU11110,yitS,1.34
BSU11120,yitT,2.48
BSU11130,ipi,3.72
BSU11139,yizC,2.83
BSU11140,yitU,1.4
BSU11150,yitV,1.65
BSU11160,yitW,6.65
BSU11170,yitY,1.04
BSU11180,yitZ,1.6
BSU11270,yjzD,7.4
BSU11300,med,4.97
BSU11310,comZ,12.33
BSU11320,yjzB,0.63
BSU11330,fabHA,4.63
BSU11340,fabF,11.96
BSU11420,trpS,5.93
BSU11430,oppA,7.6
BSU11440,oppB,1.53
BSU11450,oppC,1.68
BSU11460,oppD,1.93
BSU11470,oppF,2.34
BSU11490,yjbC,23.23
BSU11500,spxA,71.03
BSU11520,mecA,11.15
BSU11540,pepF,9.42
BSU11550,yjbH,3.64
BSU11560,yjbI,2.05
BSU11570,yjbJ,4.81
BSU11590,yjbL,4.58
BSU11600,yjbM,6.05
BSU11610,ppnKA,7.09
BSU11620,yjbO,8.73
BSU11680,thiS,0.33
BSU11690,thiG,0.3
BSU11700,thiF,0.3
BSU11710,yjbV,0.36
BSU11720,fabI,20.59
BSU11740,cotZ,0.2
BSU11750,cotY,0.36
BSU11760,cotX,3.9
BSU11770,cotW,1.36
BSU11780,cotV,3.5
BSU11809,yjcZ,6.2
BSU11810,spoVIF,10.49
BSU11839,yjzE,3.5
BSU11840,yjcF,8.13
BSU11850,yjcG,6.58
BSU11860,yjcH,2.72
BSU11910,yjcM,5.36
BSU11920,yjcN,6.37
BSU11950,yjcQ,1.04
BSU11970,yjcS,3.69
BSU11980,yjdA,3.87
BSU12000,manR,0.66
BSU12010,manP,2.69
BSU12020,manA,4.59
BSU12030,yjdF,4.8
BSU12040,yjdG,0.71
BSU12050,yjdH,0.88
BSU12060,yjdI,2.34
BSU12069,yjzH,9.48
BSU12100,yjeA,1.95
BSU12120,yjfB,2.52
BSU12160,yjgC,0.33
BSU12170,yjgD,0.41
BSU12230,hemD,1.2
BSU12270,yjlB,0.79
BSU12280,rex,56.65
BSU12290,ndh,53.78
BSU12300,uxaC,1.1
BSU12410,yjoA,51.43
BSU12420,yjoB,6.36
BSU12430,rapA,1.81
BSU12440,phrA,1.23
BSU12470,yjqA,5.25
BSU12490,yjqC,0.8
BSU12570,xtmA,1.46
BSU12580,xtmB,1.53
BSU12590,xkdE,1.51
BSU12600,xkdF,3.02
BSU12610,xkdG,3.6
BSU12619,ykzL,5.46
BSU12620,xkdH,4.76
BSU12630,xkdI,3.71
BSU12640,xkdJ,3.86
BSU12649,ykzM,5.56
BSU12650,xkdK,4.56
BSU12660,xkdM,5.89
BSU12671,xkdN,2.98
BSU12672,xkzB,2.43
BSU12680,xkdO,1.56
BSU12690,xkdP,1.54
BSU12700,xkdQ,1.39
BSU12710,xkdR,1.89
BSU12720,xkdS,1.3
BSU12730,xkdT,1.29
BSU12740,xkdU,1.45
BSU12749,xkzA,1.34
BSU12750,xkdV,1.24
BSU12760,xkdW,1.96
BSU12770,xkdX,2.13
BSU12780,xepA,1.53
BSU12790,xhlA,2.16
BSU12800,xhlB,2.43
BSU12810,xlyA,2.27
BSU12820,spoIISB,2.09
BSU12830,spoIISA,0.97
BSU12840,pit,9.17
BSU12850,ykaA,5.65
BSU12860,ykbA,1.34
BSU13010,ykgB,12.81
BSU13020,ykgA,1.63
BSU13030,ykhA,2.23
BSU13110,purU,2.64
BSU13120,proB,1.29
BSU13130,proA,4.36
BSU13140,ohrA,1.77
BSU13150,ohrR,1.68
BSU13160,ohrB,6.84
BSU13169,ykzN,0.8
BSU13200,rsbRB,14.83
BSU13280,ykoJ,0.61
BSU13300,mgtE,4.02
BSU13340,ykoM,7.16
BSU13430,ykoX,1.13
BSU13480,ykrK,1.59
BSU13490,ykrL,19.53
BSU13540,ogt,1.71
BSU13620,mtnD,1.17
BSU13630,ykvA,2.9
BSU13640,spo0E,1.99
BSU13660,kinD,1.38
BSU13670,mhqR,3.65
BSU13680,motB,6.11
BSU13690,motA,3.99
BSU13700,clpE,2.71
BSU13720,queC,0.35
BSU13730,queD,0.69
BSU13740,queE,1.31
BSU13750,ykvM,3.28
BSU13810,ykvS,2.5
BSU13819,ykzS,2.3
BSU13860,ykvY,7.91
BSU13870,ykvZ,1.79
BSU13880,glcT,9.05
BSU13890,ptsG,59.34
BSU13900,ptsH,196.04
BSU13910,ptsI,165.84
BSU13920,splA,1.15
BSU13930,splB,1.06
BSU13950,mcpC,2.14
BSU13960,ykwC,6.98
BSU13980,pbpH,1.01
BSU14000,patA,3.8
BSU14009,ykzT,1.54
BSU14010,cheV,1.8
BSU14020,ykyB,1.1
BSU14030,ykuC,1.45
BSU14071,fadG,2.55
BSU14072,ykzU,3.82
BSU14080,ykuH,0.6
BSU14090,ykuI,1.98
BSU14100,ykuJ,22.56
BSU14110,ykuK,14.4
BSU14120,ykzF,5.3
BSU14130,ykuL,1.88
BSU14140,ccpC,2.12
BSU14150,ykuN,8.11
BSU14160,ykuO,9.51
BSU14170,ykuP,12.2
BSU14180,dapH,22.65
BSU14190,dapL,3.58
BSU14200,ykuS,5.26
BSU14210,ykuT,1.11
BSU14240,rok,7.66
BSU14260,mobA,1.14
BSU14270,moeB,1.48
BSU14280,moeA,2.87
BSU14290,mobB,4.51
BSU14300,moaE,5.42
BSU14310,moaD,4.04
BSU14340,yknW,7.71
BSU14350,yknX,6.94
BSU14360,yknY,7.54
BSU14370,yknZ,8.57
BSU14380,fruR,1.65
BSU14390,fruK,2.06
BSU14400,fruA,2.96
BSU14410,sipT,3.27
BSU14420,ykoA,4.04
BSU14430,ykpA,9.72
BSU14440,ykpB,3.26
BSU14450,ampS,2.69
BSU14460,ykpC,3.04
BSU14470,mreBH,2.13
BSU14480,abh,53.75
BSU14490,kinC,2.93
BSU14500,ykqA,3.92
BSU14510,ktrC,5.01
BSU14520,adeC,1.3
BSU14530,rnjA,13.95
BSU14540,ykzG,9.15
BSU14550,ykrA,4
BSU14560,def,2.43
BSU14569,ykzV,0.6
BSU14580,pdhA,57.75
BSU14590,pdhB,103.44
BSU14600,pdhC,134.78
BSU14610,pdhD,184.42
BSU14640,yktA,2.17
BSU14650,yktB,3.74
BSU14660,ykzI,1.15
BSU14670,suhB,1.58
BSU14680,ykzC,2.53
BSU14760,ylaF,3.5
BSU14770,bipA,8.64
BSU14780,ylaH,16.95
BSU14790,ylaI,2.01
BSU14810,ylaK,1.76
BSU14820,ylaL,14.49
BSU14840,ylaN,11.41
BSU14850,ftsW,1.69
BSU14860,pycA,11.56
BSU14870,ctaA,16.59
BSU14880,ctaB,13.41
BSU14920,ctaF,1.11
BSU14940,ylbA,4.67
BSU14950,ylbB,0.22
BSU14990,ylbF,4.71
BSU15000,ylbG,4.1
BSU15010,ylbH,2.8
BSU15020,coaD,3.74
BSU15040,ylbK,1.01
BSU15050,ylbL,1.42
BSU15069,ylzH,2.42
BSU15070,ylbN,48.58
BSU15080,rpmF,148.5
BSU15100,ylbP,1.28
BSU15110,ylbQ,0.46
BSU15120,yllA,2.93
BSU15130,yllB,15.82
BSU15140,mraW,12.6
BSU15150,ftsL,22.94
BSU15160,pbpB,4.23
BSU15180,murE,1.89
BSU15190,mraY,4.26
BSU15200,murD,6.71
BSU15210,spoVE,5
BSU15220,murG,4.13
BSU15230,murB,6.51
BSU15240,divIB,2.22
BSU15250,ylxW,2.66
BSU15260,ylxX,3.74
BSU15270,sbp,3.32
BSU15280,ftsA,7.84
BSU15290,ftsZ,22.51
BSU15370,ylmD,3.86
BSU15380,ylmE,6.44
BSU15390,sepF,12.37
BSU15400,ylmG,14.08
BSU15410,ylmH,4.17
BSU15420,divIVA,13.86
BSU15430,ileS,7.34
BSU15450,lspA,1.11
BSU15460,rluD,2.99
BSU15470,pyrR,4.95
BSU15480,pyrP,9.93
BSU15490,pyrB,6.41
BSU15500,pyrC,10.06
BSU15510,pyrAA,16.77
BSU15520,carB,21.35
BSU15530,pyrK,22.26
BSU15540,pyrD,21.92
BSU15550,pyrF,20.54
BSU15560,pyrE,22.38
BSU15570,cysH,1.58
BSU15630,sirC,1.45
BSU15640,yloA,1.49
BSU15660,yloC,4.84
BSU15670,ylzA,9.95
BSU15680,gmk,10.78
BSU15690,rpoZ,14.47
BSU15700,coaBC,1.34
BSU15710,priA,1.22
BSU15720,def,1.22
BSU15730,fmt,2.47
BSU15740,rsmB,3.92
BSU15750,yloN,4.83
BSU15760,prpC,5.38
BSU15770,prkC,5.3
BSU15780,yloQ,7.11
BSU15790,rpe,9.18
BSU15800,thiN,2.09
BSU15810,spoVM,3.09
BSU15820,rpmB,384.59
BSU15830,yloU,5.52
BSU15840,yloV,7.12
BSU15850,sdaAB,1.63
BSU15860,sdaAA,2.58
BSU15870,recG,1.3
BSU15880,ylpC,5.99
BSU15890,plsX,7.43
BSU15900,fabD,10.9
BSU15910,fabG,16.42
BSU15920,acpP,364.4
BSU15930,rnc,9.92
BSU15940,smc,2.68
BSU15950,ftsY,6.08
BSU15970,ylxM,16.13
BSU15980,ffh,16.17
BSU15990,rpsP,139.42
BSU16000,ylqC,107.85
BSU16010,ylqD,1.77
BSU16020,rimM,2.46
BSU16030,trmD,2.53
BSU16040,rplS,667.03
BSU16050,rbgA,3.25
BSU16060,rnhB,0.63
BSU16070,ylqG,0.75
BSU16080,ylqH,0.63
BSU16090,sucC,34.6
BSU16100,sucD,34.79
BSU16110,dprA,0.18
BSU16120,topA,3.93
BSU16130,gid,3.39
BSU16140,xerC,6.46
BSU16150,clpQ,8.48
BSU16160,hslU,12.72
BSU16170,codY,25.36
BSU16180,flgB,2.07
BSU16190,flgC,2.61
BSU16200,fliE,3.39
BSU16210,fliF,3.51
BSU16220,fliG,4.75
BSU16230,fliH,5.52
BSU16240,fliI,4.26
BSU16250,fliJ,4.43
BSU16260,ylxF,4.44
BSU16270,fliK,4.74
BSU16280,flgD,5.65
BSU16290,flgG,6.94
BSU16299,ylzI,6.15
BSU16300,fliL,5.83
BSU16310,fliM,6.81
BSU16320,fliY,7.55
BSU16330,cheY,11.73
BSU16340,fliZ,7.02
BSU16350,fliP,4.15
BSU16360,fliQ,4.53
BSU16370,fliR,3.71
BSU16380,flhB,3.8
BSU16390,flhA,3.44
BSU16400,flhF,3.27
BSU16410,ylxH,3.09
BSU16420,cheB,3.16
BSU16430,cheA,4.33
BSU16440,cheW,5.25
BSU16450,cheC,4.56
BSU16460,cheD,4.39
BSU16470,sigD,4.69
BSU16480,ylxL,5.19
BSU16490,rpsB,131.22
BSU16500,tsf,75.6
BSU16510,pyrH,15.75
BSU16520,frr,19.53
BSU16530,uppS,3.07
BSU16540,cdsA,3.78
BSU16550,dxr,6.13
BSU16560,rseP,10.26
BSU16570,proS,15.82
BSU16580,polC,2.29
BSU16590,ylxS,5.43
BSU16600,nusA,8.42
BSU16610,ylxR,11.29
BSU16620,ylxQ,11.06
BSU16630,infB,17.58
BSU16640,ylxP,34.88
BSU16650,rbfA,25.95
BSU16660,truB,2.05
BSU16670,ribC,4.58
BSU16680,rpsO,558.32
BSU16690,pnpA,22.9
BSU16700,ylxY,1.72
BSU16710,mlpA,2.21
BSU16750,asd,11.76
BSU16760,dapG,7.42
BSU16770,dapA,18.56
BSU16780,rnjB,11.76
BSU16800,spoIIIE,1.04
BSU16810,ymfC,2.31
BSU16845,ymfF,5.68
BSU16860,ymfH,11.96
BSU16870,fabG,2.29
BSU16880,ymfJ,3.5
BSU16910,ymfM,4.92
BSU16920,pgsA,3.06
BSU16930,cinA,5.01
BSU16940,recA,15.12
BSU16950,pbpX,2.88
BSU16960,ymdA,33.33
BSU16970,ymdB,1.9
BSU16980,spoVS,9.04
BSU16990,tdh,1.64
BSU17000,kbl,1.79
BSU17010,ymcB,6.18
BSU17020,ymcA,14.79
BSU17040,mutS,0.87
BSU17050,mutL,1.97
BSU17230,pksS,1.43
BSU17280,ymaD,3.98
BSU17340,hfq,15.69
BSU17360,ymzA,1.45
BSU17370,nrdI,1.09
BSU17380,nrdE,2.98
BSU17390,nrdF,7.39
BSU17400,ymaB,2.05
BSU17430,ynbA,0.61
BSU17440,ynbB,1.18
BSU17450,glnR,8.81
BSU17460,glnA,35.75
BSU17500,ynaB,1.87
BSU17510,ynaC,1.34
BSU17590,xylR,1.08
BSU17600,xylA,8.28
BSU17610,xylB,4.22
BSU17670,cotU,2.01
BSU17690,yncM,2.58
BSU17700,cotC,4.02
BSU17710,tatAC,1.12
BSU17730,yndB,5.05
BSU17840,yndN,4.16
BSU17850,lexA,5.02
BSU17880,ynzC,1.23
BSU17890,tkt,46.19
BSU17910,yneF,32.19
BSU17950,yneJ,5.79
BSU17960,yneK,1.25
BSU18000,citB,6.8
BSU18010,yneN,1.26
BSU18060,yneR,5.34
BSU18070,yneS,2.49
BSU18080,yneT,3.06
BSU18090,parE,1.87
BSU18100,parC,5.83
BSU18110,ynfC,7.48
BSU18120,alsT,3.09
BSU18190,yngC,1.49
BSU18350,dacC,1.04
BSU18370,yoeA,1.38
BSU18380,iseA,59.07
BSU18500,fabG,31.7
BSU18510,yoxC,0.84
BSU18580,yoaF,6.36
BSU18590,yoaG,5.27
BSU18630,exlX,1.43
BSU18660,yoaM,1.37
BSU18669,yozS,1.5
BSU18800,penP,1.23
BSU18840,xynA,15.35
BSU18849,yozV,2.25
BSU18910,rapK,3.82
BSU18920,phrK,22.38
BSU18970,yobI,1.2
BSU18980,yobJ,8.16
BSU19130,yocA,4.27
BSU19140,yozB,6.55
BSU19210,yocH,17.14
BSU19230,yocJ,12.96
BSU19240,yocK,1.71
BSU19250,yocL,0.72
BSU19259,yoyB,0.68
BSU19260,yocM,0.63
BSU19270,yozN,0.82
BSU19280,yocN,0.74
BSU19290,yozO,9.87
BSU19300,yozC,5.35
BSU19310,dhaS,1.35
BSU19340,yocR,0.6
BSU19360,odhB,83.15
BSU19370,sucA,63.83
BSU19380,yojO,2.84
BSU19390,yojN,1.72
BSU19460,yojG,5.43
BSU19470,yojF,4.72
BSU19479,yoyC,3.62
BSU19480,yojE,1.77
BSU19540,yodB,1
BSU19550,yodC,10.27
BSU19590,ctpA,2.36
BSU19610,yodI,1.22
BSU19620,yodJ,6.16
BSU19630,deoD,17.69
BSU19650,yodM,0.31
BSU19770,cgeC,1.74
BSU19780,cgeA,4.55
BSU19790,cgeB,3
BSU19840,yotL,0.14
BSU20190,yosA,7.81
BSU20420,yorD,10.57
BSU20440,yorB,2.24
BSU20760,yopU,1.08
BSU20770,yopT,1.29
BSU20780,yopS,4.61
BSU20790,yopR,2.8
BSU20800,yopQ,1.56
BSU20820,yopO,0.84
BSU20850,yopL,20.69
BSU20860,yopK,1.69
BSU20929,yoyI,2.26
BSU20930,yopD,1.77
BSU20940,yopC,1.07
BSU20960,yopA,1.23
BSU20990,yonU,6.91
BSU20999,yoyJ,4.96
BSU21000,yonT,1.25
BSU21020,yonR,0.23
BSU21050,yonN,1.11
BSU21080,yonI,2.02
BSU21140,yonC,1.44
BSU21150,yonB,1.29
BSU21160,yonA,1.48
BSU21170,yomZ,1.06
BSU21180,yomY,1.33
BSU21220,yomU,1.12
BSU21229,youA,1.4
BSU21230,yomT,1.64
BSU21320,yomL,1.61
BSU21329,youB,1.81
BSU21340,yomJ,1.14
BSU21440,bdbB,6.18
BSU21450,yolJ,4.17
BSU21460,bdbA,3.22
BSU21470,sunT,2.39
BSU21480,sunA,63.24
BSU21490,sunI,9.21
BSU21530,yolB,9.45
BSU21540,yolA,12.31
BSU21550,yokL,1.93
BSU21560,yokK,1.36
BSU21590,yokH,1.57
BSU21600,yokG,1.24
BSU21610,yokF,1.8
BSU21620,yokE,3.43
BSU21680,yppQ,3.36
BSU21690,msrA,2.47
BSU21700,ypoP,4.09
BSU21720,ypmT,2.47
BSU21730,ypmS,2.33
BSU21740,ypmR,1.34
BSU21760,ypmP,5.96
BSU21770,ilvA,1.05
BSU21780,yplP,1.07
BSU21790,yplQ,1.65
BSU21800,ypkP,4.53
BSU21810,dfrA,2.77
BSU21820,thyA,1.64
BSU21830,ypjQ,6.71
BSU21840,ypjP,2.77
BSU21850,ypiP,1.06
BSU21860,yphP,8.39
BSU21880,ypgR,3.32
BSU21920,ugtP,3.7
BSU21930,cspD,494.68
BSU21940,degR,6
BSU22000,sspL,1.19
BSU22010,exoA,1.31
BSU22019,ypzF,2.4
BSU22020,ypbS,2.45
BSU22060,pbuX,1.12
BSU22080,ypwA,10.12
BSU22130,kduI,1.03
BSU22150,ypvA,1.17
BSU22160,yptA,0.84
BSU22169,ypzG,1.67
BSU22170,ypsC,1.78
BSU22180,ypsB,30.03
BSU22190,ypsA,1.76
BSU22200,cotD,6.02
BSU22210,yprB,1.38
BSU22220,yprA,0.83
BSU22230,ypqE,4.81
BSU22260,yppF,9.84
BSU22270,yppE,1.66
BSU22300,yppC,0.92
BSU22310,recU,2.19
BSU22320,ponA,6.31
BSU22330,ypoC,4.6
BSU22340,nth,4.3
BSU22350,dnaD,3.32
BSU22360,asnC,27.53
BSU22370,aspB,17.5
BSU22380,ypmB,9.78
BSU22390,ypmA,4.45
BSU22400,dinG,1.97
BSU22410,panD,13.01
BSU22420,panC,12.19
BSU22430,panB,9.78
BSU22440,birA,5.12
BSU22450,cca,6.63
BSU22460,ypjH,6.63
BSU22470,ypjG,5.9
BSU22480,mgsA,5.05
BSU22490,dapB,2.53
BSU22500,ypjD,1.22
BSU22510,ypjC,1.17
BSU22540,qcrC,3.03
BSU22550,qcrB,2.57
BSU22560,qcrA,2.52
BSU22570,ypiF,1.05
BSU22580,ypiB,16.45
BSU22590,ypiA,1.58
BSU22600,aroE,5.71
BSU22610,tyrA,2.82
BSU22620,hisC,2.34
BSU22630,trpA,0.76
BSU22640,trpB,0.12
BSU22650,trpF,0.1
BSU22660,trpC,0.13
BSU22670,trpD,0.11
BSU22680,trpE,0.11
BSU22690,aroH,7.06
BSU22700,aroB,4.45
BSU22710,aroF,2.74
BSU22730,ndk,78.85
BSU22740,hepT,8.18
BSU22750,ubiE,5.98
BSU22760,hepS,4.28
BSU22770,mtrB,9.42
BSU22780,folE,6.98
BSU22790,hbs,698.93
BSU22810,yphF,0.7
BSU22820,yphE,0.74
BSU22830,gpsA,8.99
BSU22840,engA,4.91
BSU22870,fni,10.4
BSU22880,rpsA,43.3
BSU22890,cmk,2.73
BSU22900,ypfB,1.43
BSU22940,prsW,1.93
BSU22950,ypdA,4.33
BSU22960,gudB,38.82
BSU22970,ypbH,4.56
BSU22980,ypbG,1.14
BSU23000,ypbE,1.62
BSU23010,ypbD,2.01
BSU23020,recQ,1.1
BSU23040,fer,34.53
BSU23050,fmnP,1.21
BSU23060,ypzE,1.01
BSU23070,serA,4.8
BSU23090,rsiX,4.23
BSU23100,sigX,3.44
BSU23110,resE,8.39
BSU23120,resD,9.17
BSU23130,resC,6.54
BSU23140,resB,6.19
BSU23150,resA,7.21
BSU23160,rluB,4.04
BSU23200,ypuI,1.36
BSU23210,spcB,0.97
BSU23220,scpA,0.63
BSU23240,ypzK,5.58
BSU23250,ribH,3.42
BSU23260,ribA,1.99
BSU23270,ribE,1.27
BSU23280,ribD,1.39
BSU23300,ypuD,1.14
BSU23310,sipS,3
BSU23350,ypzD,1.05
BSU23360,ppiB,36.51
BSU23370,ypuA,21.13
BSU23380,lysA,1.89
BSU23490,pupG,33.28
BSU23500,drm,17.57
BSU23510,xerD,1.57
BSU23520,fur,4.75
BSU23550,mleA,37.45
BSU23560,mleN,21.85
BSU23570,aspA,22.12
BSU23580,ansA,6.6
BSU23590,ansR,2.32
BSU23600,yqxK,2.79
BSU23610,nudF,2.93
BSU23620,yqkF,1.95
BSU23650,yqkC,5.57
BSU23660,yqkB,2.84
BSU23720,yqzH,0.54
BSU23740,yqjU,4.19
BSU23750,yqjT,4.35
BSU23760,coaA,1.93
BSU23820,yqjM,4.92
BSU23830,yqjL,4.97
BSU23850,zwf,11.35
BSU23860,yqjI,34.25
BSU23880,yqzJ,4.6
BSU23890,yqjG,5.75
BSU23900,yqjF,0.62
BSU23910,yqjE,5.42
BSU23920,yqjD,2.25
BSU23950,yqjA,0.65
BSU23990,yqiW,12.13
BSU24000,bmrU,2.34
BSU24010,bmr,2.49
BSU24030,bkdB,10.81
BSU24040,bkdAB,8.55
BSU24050,bkdAA,7.83
BSU24060,lpdV,6.34
BSU24070,buk,5.58
BSU24080,bcd,5.44
BSU24090,ptb,3.85
BSU24100,bkdR,1.45
BSU24110,yqzF,1.01
BSU24210,yqiG,6.52
BSU24220,spo0A,4.96
BSU24240,recN,2.54
BSU24250,ahrC,1.84
BSU24260,yqxC,6.96
BSU24270,dxs,4.14
BSU24280,ispA,1.31
BSU24290,xseB,1.04
BSU24300,xseA,0.74
BSU24310,folD,11.51
BSU24320,nusB,9.31
BSU24330,yqhY,33.52
BSU24340,accC,14.2
BSU24350,accB,4.58
BSU24450,efp,29.96
BSU24460,yqhT,19.88
BSU24470,yqhS,11.1
BSU24490,yqhQ,2.96
BSU24500,yqhP,6.74
BSU24520,mntR,5.5
BSU24530,yqhM,2.51
BSU24540,yqhL,2.56
BSU24550,gcvPB,1.8
BSU24560,gcvPA,1.57
BSU24570,gcvT,1.28
BSU24600,sinI,1.36
BSU24610,sinR,8.18
BSU24620,tasA,0.79
BSU24760,rsbRD,2.45
BSU24770,mgsR,14.64
BSU24780,yqgY,1.47
BSU24790,yqgX,14.82
BSU24800,yqgW,3.63
BSU24810,yqgV,2.89
BSU24820,yqgU,2.02
BSU24840,yqgS,2.68
BSU24850,glcK,1.52
BSU24860,yqgQ,1.28
BSU24880,yqgO,3.18
BSU24890,yqgN,3.83
BSU24900,rpmG,65.51
BSU24930,yqzD,12.35
BSU24940,yqzC,16.35
BSU24990,pstS,3.72
BSU25000,pbpA,5.45
BSU25020,sodA,191.18
BSU25030,yqgC,3.04
BSU25040,yqgB,4.39
BSU25050,yqgA,145.82
BSU25070,ispG,4.16
BSU25080,yqfX,0.54
BSU25090,yqfW,1.89
BSU25100,zur,6.63
BSU25110,yqfU,1.31
BSU25130,yqfS,7.35
BSU25140,cshB,4.37
BSU25160,ispH,1.07
BSU25170,yqfO,5.12
BSU25180,trmK,2.76
BSU25190,cccA,0.55
BSU25200,sigA,18.66
BSU25210,dnaG,8.65
BSU25220,antE,13.98
BSU25230,yqxD,5.56
BSU25240,yqfL,5.21
BSU25250,ccpN,3.7
BSU25260,glyS,9.17
BSU25270,glyQ,3.96
BSU25280,recO,6.34
BSU25289,yqzL,10.81
BSU25290,era,5.39
BSU25300,cdd,4.62
BSU25310,dgkA,3.93
BSU25320,yqfG,5.15
BSU25330,yqfF,2.54
BSU25340,phoH,9.08
BSU25370,yqfB,14.95
BSU25380,yqfA,16.25
BSU25390,yqeZ,12.91
BSU25400,yqeY,413.95
BSU25410,rpsU,659.19
BSU25430,rimO,9.71
BSU25440,yqeU,4.54
BSU25450,prmA,6.12
BSU25460,dnaJ,8.82
BSU25470,dnaK,63.43
BSU25480,grpE,46.63
BSU25490,hrcA,14.87
BSU25500,hemN,1.85
BSU25510,lepA,3.75
BSU25550,rpsT,575.67
BSU25560,holA,1.57
BSU25569,yqzM,2.16
BSU25580,comEB,0.67
BSU25610,yqeM,9.76
BSU25620,yqeL,10.89
BSU25630,yqeK,6.02
BSU25640,nadD,5.63
BSU25650,yqeI,6.8
BSU25660,aroE,5.16
BSU25670,yqeH,2.44
BSU25680,yqeG,0.77
BSU25690,sda,1.04
BSU25700,yqeF,0.72
BSU25720,yqeD,0.31
BSU25740,yqeB,1.09
BSU25840,phrE,8.06
BSU25870,yqcF,2.02
BSU26050,yqdB,3.33
BSU26230,yqaP,5.69
BSU26610,yrkA,2.53
BSU26640,yrdP,3.09
BSU26650,czcD,1.86
BSU26680,yrdK,1.31
BSU26760,yrdC,1.23
BSU26820,yrpD,11.96
BSU26890,csn,1.02
BSU26900,yraL,2.38
BSU27020,yraA,11.22
BSU27100,yrhP,1
BSU27150,yrhK,1.02
BSU27160,cypB,1.4
BSU27180,yrhH,1.12
BSU27190,yrzI,4.12
BSU27200,yrhG,7.27
BSU27210,yrhF,2.73
BSU27220,yrhE,3.85
BSU27230,yrhD,7.95
BSU27270,mtn,4.52
BSU27280,yrrT,1.28
BSU27290,yrzA,1.64
BSU27300,yrrS,1.45
BSU27320,greA,17.21
BSU27330,udk,14.74
BSU27340,yrrO,7.33
BSU27350,yrrN,3.31
BSU27360,yrrM,2.39
BSU27370,yrrL,2.99
BSU27380,yrzB,50.05
BSU27390,yrrK,22.41
BSU27400,yrzL,12.02
BSU27410,alaS,4.54
BSU27468,yrzQ,0.43
BSU27469,yrzR,0.61
BSU27470,yrrD,0.35
BSU27480,yrrC,2.96
BSU27490,yrrB,1.99
BSU27500,mnmA,7.47
BSU27510,iscS,3.78
BSU27520,cymR,1.04
BSU27540,yrvM,2.87
BSU27550,aspS,8.32
BSU27560,hisS,2.52
BSU27570,yrzK,0.34
BSU27580,yrvJ,2.08
BSU27590,yrvI,6.88
BSU27600,relA,3.68
BSU27610,apt,11.42
BSU27620,recJ,3.61
BSU27630,yrvD,4.07
BSU27640,yrvC,2.68
BSU27650,secDF,19.13
BSU27660,comN,6.8
BSU27700,yajC,61.89
BSU27710,tgt,9.32
BSU27720,queA,4.41
BSU27729,yrzS,2.87
BSU27730,ruvB,1.55
BSU27740,ruvA,0.99
BSU27750,bofC,0.75
BSU27760,csbX,1.27
BSU27770,yrbE,1.71
BSU27785,yrzF,1.45
BSU27820,yrbC,0.7
BSU27840,safA,0.18
BSU27890,nadR,1.09
BSU27900,pheA,2.92
BSU27910,pheB,3.5
BSU27920,obgE,3.42
BSU27930,spo0B,2.09
BSU27940,rpmA,243.03
BSU27950,ysxB,248.22
BSU27960,rplU,251.17
BSU27990,minD,16.52
BSU28000,minC,13.6
BSU28010,mreD,11.03
BSU28020,mreC,11.52
BSU28030,mreB,6.44
BSU28040,radC,2.21
BSU28050,maf,2.33
BSU28080,folC,5.16
BSU28090,valS,5.04
BSU28120,hemL,11.2
BSU28130,hemB,6.37
BSU28140,hemD,5.22
BSU28150,hemC,5.87
BSU28160,hemX,8.01
BSU28170,hemA,16.79
BSU28190,engB,10.27
BSU28200,lonA,4.98
BSU28220,clpX,27.25
BSU28230,tig,47.01
BSU28280,leuA,1.11
BSU28290,ilvC,1.41
BSU28300,ilvH,1.17
BSU28310,ilvB,1.01
BSU28350,ysnB,5.26
BSU28360,ysnA,3.85
BSU28370,rph,2.89
BSU28390,racE,3.54
BSU28400,ysmB,2.7
BSU28410,gerE,12.29
BSU28420,ysmA,2.65
BSU28430,sdhB,50.98
BSU28440,sdhA,27.95
BSU28450,sdhC,18.65
BSU28460,yslB,22.98
BSU28490,uvrC,1.04
BSU28500,trxA,43.91
BSU28520,etfA,3.41
BSU28530,etfB,3.34
BSU28540,ysiB,2.63
BSU28550,fadR,2.27
BSU28560,lcfA,0.98
BSU28570,yshE,4.19
BSU28580,mutSB,3.17
BSU28590,yshC,1.82
BSU28600,yshB,1.45
BSU28610,yshA,1.43
BSU28620,rnhC,0.91
BSU28630,pheT,6.62
BSU28640,pheS,1.81
BSU28650,ysgA,1.16
BSU28700,ysfE,3.85
BSU28710,cstA,1.51
BSU28820,ysdC,11.32
BSU28830,ysdB,10.07
BSU28840,ysdA,2.68
BSU28850,rplT,163.38
BSU28860,rpmI,141.73
BSU28870,infC,81.03
BSU28900,ysbB,63.18
BSU28910,ysbA,46.83
BSU28920,lytT,1.89
BSU28940,ysaA,4.72
BSU28950,thrS,9.93
BSU28960,ytxC,2.49
BSU28970,ytxB,2.57
BSU28980,dnaI,1.61
BSU29000,nrdR,1.59
BSU29010,speD,14.89
BSU29060,coaE,4.64
BSU29070,ytaF,4.07
BSU29080,mutM,4.07
BSU29090,polA,1.83
BSU29100,phoR,2.01
BSU29110,phoP,1.08
BSU29120,mdh,39.51
BSU29130,icd,33.11
BSU29140,citZ,9.76
BSU29150,ytwI,1.16
BSU29160,ytvI,1.68
BSU29170,fxsA,13.76
BSU29180,pyk,33.99
BSU29190,pfkA,11.59
BSU29200,accA,13
BSU29210,accD,12.16
BSU29220,ytsJ,11.64
BSU29230,dnaE,3.71
BSU29249,ytzJ,1.78
BSU29250,nrnA,3.91
BSU29260,ytpI,1.73
BSU29270,ytoI,1.05
BSU29410,ytkL,8.84
BSU29420,fabG,2.98
BSU29460,moaB,1.96
BSU29470,ackA,23.23
BSU29480,ytxK,15.96
BSU29490,tpx,83.52
BSU29520,yteJ,24.18
BSU29530,sppA,21.44
BSU29540,ppnKB,4.33
BSU29550,ytcJ,6.24
BSU29560,ytcI,2.68
BSU29570,sspA,9.86
BSU29580,ytbJ,2.25
BSU29590,iscS,0.85
BSU29600,braB,1.01
BSU29610,ezrA,4.99
BSU29620,hisJ,1.02
BSU29630,yttP,1.81
BSU29640,ytsP,4.1
BSU29650,ytrP,1.96
BSU29660,rpsD,157.3
BSU29670,tyrS,3.82
BSU29679,ytzK,5.05
BSU29680,acsA,1.27
BSU29720,ytxE,1.14
BSU29740,ccpA,3.49
BSU29750,aroA,7.75
BSU29760,ytxJ,23.81
BSU29770,ytxH,28.41
BSU29780,ytxG,24.72
BSU29790,murC,10.57
BSU29805,ytpS,2.83
BSU29820,ytpR,19.82
BSU29830,ytpQ,7.59
BSU29840,ytpP,4.44
BSU29850,ytoQ,3.46
BSU29860,ytoP,2.3
BSU29870,ytzB,4.26
BSU29880,malS,3.48
BSU29890,ytnP,2.81
BSU29900,trmB,3.17
BSU29910,ytzH,2.69
BSU29920,ytmP,2.14
BSU29940,ytlR,1.54
BSU29950,ytlQ,1.86
BSU29960,ytlP,1.18
BSU29970,ytkP,3.31
BSU29980,ytjP,3.75
BSU29990,pbuO,1.76
BSU30000,ythQ,8.62
BSU30010,ythP,12.51
BSU30020,ytzE,3.43
BSU30035,ytzG,1.37
BSU30050,ytgP,2.24
BSU30060,ytfP,1.51
BSU30070,opuD,2.64
BSU30310,ytwF,8.76
BSU30320,leuS,12.75
BSU30410,ytrF,1.73
BSU30420,ytrE,1.34
BSU30430,ytrD,0.96
BSU30440,ytrC,0.69
BSU30450,ytrB,0.42
BSU30470,ytzC,2.4
BSU30480,ytqA,0.91
BSU30490,ytqB,2.05
BSU30500,ytpB,5.73
BSU30510,ytpA,4.75
BSU30520,ytoA,4.41
BSU30530,ytnA,5.47
BSU30540,asnB,19.77
BSU30550,metK,8.43
BSU30560,pckA,1.05
BSU30570,ytmB,2.28
BSU30630,ytkD,2.03
BSU30650,dps,58.16
BSU30659,ytzI,4.24
BSU30660,ytkA,2.79
BSU30670,luxS,6.94
BSU30680,ytjA,3.84
BSU30690,ytiB,2.57
BSU30700,rpmE2,2.43
BSU30740,mntD,11.62
BSU30750,mntC,10.37
BSU30760,mntB,8.81
BSU30770,mntA,6.64
BSU30780,menC,3.52
BSU30790,menE,2.86
BSU30800,menB,29.68
BSU30810,ytxM,8.12
BSU30820,menD,5.97
BSU30830,menF,3.71
BSU30930,ytaB,1.54
BSU30990,thiT,1.34
BSU31000,yuaI,5.75
BSU31010,yuaG,6.33
BSU31020,yuaF,14.5
BSU31030,yuaE,7.74
BSU31040,yuaD,1.2
BSU31080,yuaB,3
BSU31110,yubF,16.82
BSU31150,yubB,4.56
BSU31160,yubA,2.27
BSU31170,yulF,2.31
BSU31210,yulB,0.76
BSU31240,mcpA,3.32
BSU31260,mcpB,1.6
BSU31279,yuzH,2.03
BSU31280,yugU,2
BSU31310,yugP,3.19
BSU31330,yugN,1.62
BSU31340,yugM,1.65
BSU31350,pgi,50.02
BSU31360,yugK,3.05
BSU31370,yugJ,16.61
BSU31380,yuzA,1.18
BSU31390,yugI,49.32
BSU31400,alaT,5.52
BSU31410,yugG,4.34
BSU31430,yugE,1.56
BSU31440,patB,6.13
BSU31460,kapB,5.11
BSU31490,pbpD,2.25
BSU31500,yuxK,5.82
BSU31510,yufK,3.67
BSU31530,yufM,2.6
BSU31580,maeN,4.92
BSU31600,mrpA,3.11
BSU31610,mrpB,4.06
BSU31620,mrpC,3.66
BSU31630,mrpD,3.23
BSU31640,mrpE,5.3
BSU31650,mrpF,5.96
BSU31660,mrpG,4.99
BSU31670,yuxO,4.62
BSU31680,comA,3.79
BSU31690,comP,3.29
BSU31700,comX,5.12
BSU31710,comQ,2.28
BSU31730,yuzC,5.93
BSU31740,yuxH,4.58
BSU31750,yueK,8.01
BSU31760,pncA,6.5
BSU31770,yueI,3.53
BSU31780,yueH,3.64
BSU31790,yueG,4.64
BSU31800,yueF,2.43
BSU31820,yuzF,0.85
BSU31830,yueE,1.08
BSU31840,yueD,8.52
BSU31850,yueC,3.63
BSU31860,yueB,3.79
BSU31875,yukB,2.51
BSU31890,yukC,1.58
BSU31900,yukD,2.13
BSU31910,yukE,124.11
BSU31930,ald,25.23
BSU31945,yukJ,7.34
BSU31959,ybdZ,25.51
BSU31960,dhbF,19.6
BSU31970,dhbB,29.32
BSU31980,dhbE,25.72
BSU31990,dhbC,24.89
BSU32000,dhbA,18.89
BSU32010,besA,7.48
BSU32030,bioYB,0.77
BSU32050,yuiE,3.83
BSU32060,yuiD,1.95
BSU32080,yuiB,1.8
BSU32110,yumC,10.38
BSU32130,guaC,3.09
BSU32160,yutM,10.97
BSU32170,dapF,1.71
BSU32180,yutK,0.8
BSU32190,yuzB,4.23
BSU32200,yutJ,2.31
BSU32220,yutI,34.9
BSU32230,yuxL,1.32
BSU32240,thrB,3.39
BSU32250,thrC,3.53
BSU32260,hom,2.2
BSU32290,yutF,6.87
BSU32300,yutE,5.91
BSU32310,yutD,4.55
BSU32330,lipA,7.7
BSU32350,yunB,0.91
BSU32360,yunC,5.82
BSU32370,yunD,4.11
BSU32380,yunE,2.58
BSU32390,yunF,1.91
BSU32400,yunG,0.71
BSU32560,frlR,1.49
BSU32620,yurQ,4.05
BSU32630,yurR,1.63
BSU32640,sspG,4.11
BSU32650,yurS,4.13
BSU32660,yurT,2.94
BSU32669,yuzN,2.12
BSU32670,sufB,74.88
BSU32680,iscU,57.08
BSU32690,sufS,47.57
BSU32700,sufD,43.31
BSU32710,sufC,30.65
BSU32719,yuzK,2.02
BSU32730,metN,13.05
BSU32740,metP,5.9
BSU32750,metQ,3.42
BSU32770,yusE,0.75
BSU32780,yusF,1.55
BSU32790,yusG,47.21
BSU32800,yusH,68.99
BSU32810,yusI,14.27
BSU32870,yusO,1.01
BSU32880,yusP,1.62
BSU32930,yusU,2.49
BSU32940,yusV,6.77
BSU32990,mrgA,192.39
BSU33000,htrB,1.22
BSU33010,cssR,1.73
BSU33020,cssS,2.64
BSU33029,yuzO,1.91
BSU33030,yuxN,1.71
BSU33040,fumC,42.26
BSU33049,yvzF,5.51
BSU33080,liaR,1.07
BSU33090,liaS,1.06
BSU33100,liaF,0.78
BSU33110,liaG,0.79
BSU33120,liaH,1.11
BSU33130,liaI,1.16
BSU33150,yvqK,1.35
BSU33160,yvrA,1.07
BSU33170,yvrB,1.56
BSU33180,yvrC,2.87
BSU33190,yvrD,4.37
BSU33200,yvrE,4.61
BSU33210,yvrG,1.24
BSU33240,oxdC,1.02
BSU33260,yvrN,2.35
BSU33270,yvrO,1.27
BSU33290,fhuC,8
BSU33300,fhuG,3.68
BSU33310,fhuB,1.47
BSU33320,fhuD,11.76
BSU33350,yvsG,0.27
BSU33370,yvgK,4.32
BSU33380,yvgL,1.29
BSU33390,yvgM,1.33
BSU33400,yvgN,57.05
BSU33420,nhaK,2.76
BSU33430,yvgQ,1.35
BSU33460,yvgT,0.84
BSU33470,bdbC,11.87
BSU33480,bdbD,10.97
BSU33490,copB,11.02
BSU33500,copA,1.23
BSU33510,copZ,3.27
BSU33520,csoR,1.6
BSU33530,yvaA,16.47
BSU33540,yvaB,1.3
BSU33590,yvaG,1.06
BSU33600,smpB,3.36
BSU33610,rnr,5.34
BSU33620,yvaK,3.09
BSU33630,secG,32.86
BSU33660,rghRA,0.69
BSU33670,rghRB,0.55
BSU33680,yvaP,6.44
BSU33700,opuBD,0.59
BSU33710,opuBC,0.65
BSU33740,yvaV,0.77
BSU33780,sdpI,1.51
BSU33790,sdpR,1.16
BSU33800,opuCD,0.21
BSU33810,opuCC,0.17
BSU33820,opuCB,0.15
BSU33860,yvbH,2.47
BSU33870,yvbI,1.87
BSU33880,yvbJ,2.27
BSU33900,eno,86.5
BSU33910,pgm,76.81
BSU33920,tpiA,85.15
BSU33930,pgk,85.93
BSU33940,gapA,255.97
BSU33950,cggR,56.49
BSU33970,araR,1.44
BSU34020,yvbX,1.24
BSU34030,yvbY,25.65
BSU34040,yvfW,13.4
BSU34050,yvfV,6.33
BSU34110,rsbP,1.04
BSU34180,yvfI,1.52
BSU34190,yvfH,1.86
BSU34200,sigL,4.27
BSU34210,yvfG,11.48
BSU34430,racX,3.67
BSU34440,pbpE,3.29
BSU34480,yvdT,3.96
BSU34540,clpP,117.67
BSU34640,yvdD,4.96
BSU34650,yvdC,2.46
BSU34680,yvcT,7.86
BSU34690,yvcS,1.78
BSU34700,yvcR,1.68
BSU34710,yvcQ,1.13
BSU34730,yvcN,10.19
BSU34740,crh,13.27
BSU34750,whiA,8.65
BSU34760,yvcK,8.5
BSU34770,yvcJ,6.32
BSU34780,yvcI,3.62
BSU34790,trxB,6.65
BSU34800,cwlO,7.42
BSU34810,yvcD,2.05
BSU34820,bmrA,1.39
BSU34960,yvoF,9.82
BSU34970,hprP,9.32
BSU34980,yvoD,7.07
BSU34990,lgt,4.97
BSU35000,hprK,2.5
BSU35010,nagA,1.99
BSU35020,nagBA,3.15
BSU35030,yvoA,2.55
BSU35060,cypX,1.03
BSU35080,yvmB,0.6
BSU35090,yvmA,1.37
BSU35100,yvlD,25.96
BSU35110,yvlC,40.49
BSU35120,yvlB,25.07
BSU35130,yvlA,19.98
BSU35160,uvrA,7.4
BSU35170,uvrB,3.8
BSU35180,csbA,10.68
BSU35220,minJ,4.09
BSU35250,ftsX,7.83
BSU35260,ftsE,3.11
BSU35270,cccB,10.55
BSU35280,yvjA,1.11
BSU35290,prfB,21.54
BSU35300,secA,14.48
BSU35310,yvyD,237.96
BSU35319,yvzG,6.18
BSU35320,fliT,10.35
BSU35330,fliS,7.45
BSU35340,fliD,5.27
BSU35350,yvyC,3.05
BSU35360,hag,205.5
BSU35370,csrA,2.22
BSU35380,yviF,2.16
BSU35400,flgL,8.95
BSU35410,flgK,5.07
BSU35420,yvyG,3.58
BSU35430,flgM,3.46
BSU35440,yvyF,2.04
BSU35480,yviA,3.78
BSU35490,degU,7.37
BSU35500,degS,2.51
BSU35510,yvyE,1.78
BSU35520,yvhJ,3.22
BSU35530,tagO,8.3
BSU35620,lytC,3.56
BSU35630,lytB,1.79
BSU35640,lytA,2.92
BSU35650,lytR,5.72
BSU35660,mnaA,2.15
BSU35670,gtaB,50.78
BSU35690,ggaA,3.17
BSU35700,tagH,7.92
BSU35710,tagG,3.23
BSU35720,tagF,7.67
BSU35730,tagE,2.4
BSU35740,tagD,8.83
BSU35750,tagA,3.39
BSU35760,tagB,1.89
BSU35780,lytD,1.35
BSU35790,yvyI,3.29
BSU35830,ywtG,1.38
BSU35840,ywtF,3.04
BSU35850,ywtE,2.88
BSU35860,pgdS,1.1
BSU35910,rbsR,14.06
BSU35920,rbsK,21.05
BSU35930,rbsD,26.17
BSU35940,rbsA,33.17
BSU35950,rbsC,55.2
BSU35960,rbsB,95.97
BSU35970,ywsB,152.05
BSU35980,ywsA,1.24
BSU35990,ywrO,3.2
BSU36000,alsD,0.63
BSU36010,alsS,0.28
BSU36020,alsR,1.77
BSU36070,cotG,3.7
BSU36080,ywrF,3.09
BSU36090,ywrE,2.18
BSU36110,ywrC,1.46
BSU36120,ywrB,1.91
BSU36130,ywrA,1.98
BSU36170,ywqL,1.32
BSU36230,ywqF,1.06
BSU36250,ptkA,1.35
BSU36269,ywzD,2.48
BSU36280,ywqA,1.87
BSU36290,ywpJ,0.83
BSU36330,ywpF,3.55
BSU36360,mscL,1.81
BSU36370,fabZ,3.96
BSU36380,rapD,1.56
BSU36390,flhP,5.77
BSU36400,flhO,2.83
BSU36410,mbl,8.2
BSU36480,ywoD,1.04
BSU36490,ywoC,1.28
BSU36510,amtB,0.68
BSU36520,glnK,3.51
BSU36530,bcrC,3.42
BSU36560,ywnH,1.26
BSU36570,ywnG,4.69
BSU36580,ywnF,2.26
BSU36590,clsA,0.89
BSU36610,ywnC,4.54
BSU36630,ywnA,3.12
BSU36670,csbD,1.09
BSU36690,rapB,1.13
BSU36700,moaA,4.04
BSU36710,fdhD,1.84
BSU36720,ywmE,5.42
BSU36760,murAA,18.09
BSU36770,ywmB,2.81
BSU36780,ywzB,2.52
BSU36790,ywmA,0.61
BSU36800,atpC,92.86
BSU36810,atpD,65.87
BSU36820,atpG,43.92
BSU36830,atpA,41.63
BSU36840,atpH,30.88
BSU36850,atpF,29.28
BSU36860,atpE,53.77
BSU36870,atpB,29.56
BSU36880,atpI,12.08
BSU36890,upp,5.96
BSU36900,glyA,27.41
BSU36910,ywlG,7.54
BSU36920,ywlF,5.47
BSU36930,ywlE,1.27
BSU36950,ywlC,1.8
BSU36990,ywkF,2.16
BSU37000,prmC,2.68
BSU37010,prfA,14.85
BSU37020,ywkD,1.6
BSU37030,racA,1.62
BSU37060,tdk,1.75
BSU37070,rpmE,253.67
BSU37080,rho,5.42
BSU37090,glpX,13.64
BSU37100,murAB,7.63
BSU37110,ywjH,99.01
BSU37120,fbaA,316.78
BSU37130,spo0F,2.24
BSU37140,ywjG,2.47
BSU37150,pyrG,13.26
BSU37160,rpoE,8.4
BSU37210,ywjC,18.46
BSU37220,ywjB,14.12
BSU37230,ywjA,8.19
BSU37240,ywiE,6.98
BSU37250,narI,1.14
BSU37260,narJ,1.19
BSU37270,narH,1.31
BSU37280,narG,1.65
BSU37310,fnr,3.08
BSU37330,argS,7.5
BSU37340,ywiB,2.36
BSU37350,sboA,2.95
BSU37360,sboX,2.17
BSU37370,albA,2.36
BSU37380,albB,3.88
BSU37390,albC,1.43
BSU37460,rapF,3.05
BSU37470,phrF,6.54
BSU37490,speB,3.69
BSU37500,speE,1.65
BSU37520,ywhD,6.14
BSU37530,ywhC,2.6
BSU37540,ywhB,22.12
BSU37550,ywhA,1.4
BSU37590,ywgA,3.21
BSU37600,ywfO,1.55
BSU37640,ywfL,1.5
BSU37660,eutD,53.98
BSU37670,ywfI,14.82
BSU37690,ywfG,1.08
BSU37780,rocA,2.09
BSU37800,yweA,8.91
BSU37930,ywdK,7.64
BSU37940,ywdJ,3.56
BSU37950,ywdI,1.8
BSU37970,ung,3.68
BSU37980,ywdF,2.16
BSU38020,thiD,5.49
BSU38030,ywdA,14.37
BSU38040,sacA,8.25
BSU38050,sacP,3.1
BSU38060,ywcJ,3.9
BSU38070,sacT,2.04
BSU38100,ywcH,1.31
BSU38110,nfrA,20.13
BSU38120,rodA,2.51
BSU38140,qoxD,132.85
BSU38150,qoxC,115.35
BSU38160,qoxB,78.86
BSU38170,qoxA,72.51
BSU38180,ywzA,18.7
BSU38190,galT,4.23
BSU38200,galK,2.83
BSU38210,ywcD,1.4
BSU38229,slrA,1.82
BSU38250,ywbO,3.85
BSU38260,efeN,14.65
BSU38270,efeM,8.71
BSU38280,efeU,2.5
BSU38290,thiE,4.72
BSU38300,thiM,2.62
BSU38310,ywbI,1.26
BSU38320,ywbH,3.68
BSU38330,lrgB,4.05
BSU38340,ywbF,0.39
BSU38350,ywbE,1.15
BSU38360,ywbD,1.72
BSU38370,ywbC,3.67
BSU38430,gspA,11.9
BSU38480,ywaC,4.15
BSU38490,menA,3.35
BSU38499,ywzH,20.24
BSU38500,dltA,27.99
BSU38510,dltB,29.1
BSU38520,dltC,54.43
BSU38530,dltD,44.78
BSU38540,dltE,61.22
BSU38550,ywaA,4.88
BSU38560,licH,2.05
BSU38570,licA,1.75
BSU38640,yxlH,2.5
BSU38650,yxlG,2.94
BSU38660,yxlF,2.41
BSU38670,yxlE,2.9
BSU38680,yxlD,2.72
BSU38690,yxlC,1.94
BSU38700,sigY,1.03
BSU38730,cydD,18.79
BSU38740,cydC,26.53
BSU38750,cydB,31.72
BSU38760,cydA,22.53
BSU38770,cimH,1.27
BSU38790,yxzE,4.46
BSU38810,msmX,2.43
BSU38850,yxkC,15.96
BSU38860,galE,6.56
BSU38890,yxjN,0.86
BSU38920,pepT,5.25
BSU38930,yxjJ,1.5
BSU38940,yxjI,7.43
BSU38950,yxjH,1.04
BSU38960,yxjG,1.04
BSU39010,yxjB,1.08
BSU39020,yxjA,1.93
BSU39040,yxiS,4.91
BSU39050,katE,3.4
BSU39070,bglS,1.06
BSU39080,licT,2
BSU39110,deaD,3.19
BSU39120,yxiM,1.48
BSU39139,yxzJ,4.15
BSU39140,yxiK,3.38
BSU39150,yxiJ,3.14
BSU39160,yxiI,3.01
BSU39170,yxzG,3.52
BSU39180,yxiH,4.03
BSU39190,yxiG,4.44
BSU39200,yxzC,4.14
BSU39210,yxiF,3.72
BSU39220,yxxG,32.43
BSU39230,wapA,21.71
BSU39250,yxiE,37.49
BSU39260,bglH,4.82
BSU39270,bglP,2.32
BSU39280,yxxE,5.35
BSU39290,yxxD,3.59
BSU39400,pdp,19.52
BSU39410,nupC,12.6
BSU39420,deoC,9.57
BSU39430,deoR,0.88
BSU39440,yxxB,0.77
BSU39550,yxeH,5.54
BSU39560,yxeG,0.63
BSU39570,yxeF,0.58
BSU39580,yxeE,0.6
BSU39600,yxeC,7.15
BSU39610,yxeB,19.07
BSU39670,iolJ,1.59
BSU39680,iolI,1.62
BSU39690,iolH,2.45
BSU39700,iolG,1.97
BSU39710,iolF,1.55
BSU39720,iolE,1.51
BSU39730,iolD,1.28
BSU39740,iolC,1.07
BSU39770,iolR,1.14
BSU39780,iolS,13.11
BSU39790,yxcE,2.61
BSU39800,yxcD,3.5
BSU39810,csbC,9.54
BSU39820,htpG,8.36
BSU39830,yxcA,1.29
BSU39840,yxbG,1.32
BSU39940,yxaL,3.37
BSU39960,yxaI,3.58
BSU39990,yxaF,0.93
BSU40000,yxnA,1.1
BSU40030,yxaB,1.22
BSU40050,gntR,0.23
BSU40060,gntK,0.6
BSU40070,gntP,5.79
BSU40080,gntZ,15.58
BSU40090,ahpC,84.23
BSU40100,ahpF,109.2
BSU40110,bglA,2.83
BSU40120,yyzE,2.23
BSU40140,yydJ,1.2
BSU40190,fbp,2
BSU40200,yydD,3.96
BSU40210,yydC,3.95
BSU40220,yydB,3.14
BSU40230,yydA,1.71
BSU40300,rapG,1.87
BSU40310,phrG,6.37
BSU40320,argI,3.51
BSU40330,rocE,2.47
BSU40340,rocD,2.33
BSU40360,htrC,6.29
BSU40370,yycJ,5.15
BSU40380,yycI,4.73
BSU40390,walH,4.41
BSU40400,walK,2.6
BSU40410,walR,2.58
BSU40420,purA,15.17
BSU40440,dnaC,0.91
BSU40470,yycC,5.01
BSU40480,yycB,5.14
BSU40500,rplI,8.12
BSU40510,yybT,2.16
BSU40520,yybS,1.17
BSU40529,yyzH,3.98
BSU40550,ppaC,31.64
BSU40580,yybN,19.63
BSU40590,yybM,1.38
BSU40620,yybJ,3.49
BSU40650,yybG,1.09
BSU40660,yybF,1.16
BSU40750,yyaQ,1.64
BSU40760,yyaP,1.63
BSU40780,tetL,1.2
BSU40820,yyaL,1.26
BSU40830,yyaK,1.16
BSU40880,exoAA,0.74
BSU40890,rpsR,261.95
BSU40900,ssbA,263.43
BSU40910,rpsF,275.73
BSU40920,yyaF,4.39
BSU40930,yyaE,0.81
BSU40939,yyzM,1.65
BSU40960,parB,10.62
BSU40970,parA,6.71
BSU40980,yyaB,2.19
BSU40990,noc,16.4
BSU41000,gidB,13
BSU41010,gidA,6.66
BSU41020,trmE,2.06
BSU41030,jag,14.65
BSU41040,spoIIIJ,8.93
BSU41050,rnpA,3.74
BSU41060,rpmH,43.32
